[
  {
    "id": 1,
    "titulo": "HTML5, CSS3, JavaScript para Principiantes",
    "profesor": "Juan Pedro",
    "precio": 200,
    "precioNuevo": 15,
    "imagen": "./img/curso1.jpg"
  },
  {
    "id": 2,
    "titulo": "Curso de Comida Vegetariana",
    "profesor": "Juan Pedro",
    "precio": 200,
    "precioNuevo": 15,
    "imagen": "./img/curso2.jpg"
  },
  {
    "id": 3,
    "titulo": "Guitarra para Principiantes",
    "profesor": "Juan Pedro",
    "precio": 200,
    "precioNuevo": 15,
    "imagen": "./img/curso3.jpg"
  },
  {
    "id": 4,
    "titulo": "Huerto en tu casa",
    "profesor": "Juan Pedro",
    "precio": 200,
    "precioNuevo": 15,
    "imagen": "./img/curso4.jpg"
  },
  {
    "id": 5,
    "titulo": "Decoración con productos de tu hogar",
    "profesor": "Juan Pedro",
    "precio": 200,
    "precioNuevo": 15,
    "imagen": "./img/curso5.jpg"
  },
  {
    "id": 6,
    "titulo": "Diseño Web para Principiantes",
    "profesor": "Juan Pedro",
    "precio": 200,
    "precioNuevo": 15,
    "imagen": "./img/curso1.jpg"
  },
  {
    "id": 7,
    "titulo": "Comida Mexicana para principiantes",
    "profesor": "Juan Pedro",
    "precio": 200,
    "precioNuevo": 15,
    "imagen": "./img/curso2.jpg"
  },
  {
    "id": 8,
    "titulo": "Estudio Musical en tu casa",
    "profesor": "Juan Pedro",
    "precio": 200,
    "precioNuevo": 15,
    "imagen": "./img/curso3.jpg"
  },
  {
    "id": 9,
    "titulo": "Cosecha tus propias frutas y verduras",
    "profesor": "Juan Pedro",
    "precio": 200,
    "precioNuevo": 15,
    "imagen": "./img/curso4.jpg"
  },
  {
    "id": 10,
    "titulo": "Prepara galletas caseras",
    "profesor": "Juan Pedro",
    "precio": 200,
    "precioNuevo": 15,
    "imagen": "./img/curso5.jpg"
  },
  {
    "id": 11,
    "titulo": "JavaScript Moderno con ES6",
    "profesor": "Juan Pedro",
    "precio": 200,
    "precioNuevo": 15,
    "imagen": "./img/curso1.jpg"
  },
  {
    "id": 12,
    "titulo": "100 Recetas de Comida Natural",
    "profesor": "Juan Pedro",
    "precio": 200,
    "precioNuevo": 15,
    "imagen": "./img/curso2.jpg"
  }
]
